cliente,vuelo
1,0c591-3aed
2,355f1-9471
3,cd896-efe8
4,bc060-05f6
5,03b09-f25b
6,c25a1-ebed
7,0d39b-de9f
8,e4d84-167c
9,8538e-53a4
10,9d322-cc9d
11,0d300-6d44
12,92ba3-fc82
13,a45b5-8a0f
14,3dce9-3619
15,b729e-3e80
16,600b5-21fd
17,12771-2e61
18,6d6d5-97ad
19,471d0-0d34
20,2eb7b-a5e8
21,89c22-5d11
22,939ff-edce
23,80c51-4de1
24,5cb01-f707
25,088fd-9eee
26,1a4ad-29be
27,be626-5490
28,ed64f-22d3
29,432b0-cadb
30,4a0ee-e04b
31,d569c-5edb
32,48f85-c68f
33,d770c-2ebf
34,474e2-c8dd
35,fd175-4780
36,e1ca5-6775
37,304a8-6b26
38,eb1e1-5485
39,748f3-596b
40,4c1a9-ff18
41,0a185-3968
42,6acc2-21fd
43,c9a5d-9bce
44,1a5f1-810a
45,32d6f-52ec
46,2e3f1-1a1c
47,735d5-8d35
48,0acb5-48c8
49,743c9-09bc
50,005b3-1ca5
51,2cea8-7ea5
52,561d1-96ea
53,fc4db-0250
54,3499e-200f
55,6c3cc-243e
56,fc030-0760
57,e57ee-7f01
58,ef608-b568
59,d1188-eeee
60,6c98d-e9fe
61,8c877-d849
62,80432-162f
63,4d31f-c374
64,49ce6-aa8c
65,37346-86c8
66,c2509-7527
67,37da4-2b22
68,a717d-21d7
69,df7e5-d54f
70,18aa5-ac0d
71,6c98d-k8fe
72,8c877-0p49
73,80432-902f
74,4d31f-mk74
75,49ce6-658c
76,37346-23c8
77,c2509-hg27
78,37da4-b422
79,a717d-wqd7
80,0c591-3a87
81,355f1-94fc
82,cd896-7fe8
83,bc060-02f6
84,ph609-f25b
85,c2aa1-ebed
86,0d39b-de3f
87,e4d54-167c
88,8p38e-53a4
89,476e2-c8uy
90,h63c9-09bc
91,005wd-1ca5
92,2cea8-7ep7
93,583d1-96ea
94,fc4tr-0250
95,3679e-200f
96,6c3cc-003e
97,fc260-0760
98,e57ee-7f98
99,ef854-b568
100,c5t7d-9bce
101,1f9a1-810a
102,30y6f-52ec
103,2f9y1-1a1c
104,720u5-8d35
105,0kbc5-48c8
106,007c9-09bc
107,0023r-1ca5
108,2cea8-8us5
109,561d1-76ha
110,fc4db-8540
111,34gtr-200f
112,4w3cc-243e
113,uq630-0760
114,uz6ee-7f01
115,8g308-b568
116,zvc88-eeee
117,8y68d-e9fe
118,00w77-d849
119,1b432-162f
120,098c9-09bc
121,87yb3-1ca5
122,0oua8-7ea5
123,7tgd1-96ea
124,p75db-0250
125,65r9e-200f
126,lc2cc-243e
127,qwx30-0760
128,654ee-7f01
129,hty08-b568
130,t4388-eeee
131,0ky8d-e9fe
132,sa277-d849
133,7dv32-162f
134,bp81f-c374
135,btse6-aa8c
136,exo46-86c8
137,7tb09-7527
138,1qma4-2b22
139,mj67d-21d7
140,j17e5-d54f
141,fu6a5-ac0d
142,4hf8d-k8fe
143,8dj77-0p49
144,4jf32-902f
145,kl31f-mk74
146,86je6-658c
147,1mx46-23c8
148,98j09-hg27
149,1bda4-b422
150,nbm7d-wqd7
151,86p91-3a87
152,hgnf1-94fc
153,bt696-7fe8
154,08z60-02f6
155,1qi09-f25b
156,h9ka1-ebed
157,0m39b-de3f
158,92r54-167c
159,3v48e-53a4
160,g53e2-c8uy
161,2tgc9-09bc
162,f4ewd-1ca5
163,00ra8-7ep7
164,33wd1-96ea
165,0gdtr-0250
166,65n9e-200f
167,48lcc-003e
168,pqr60-0760
169,gadee-7f98
170,63k54-b568
171,nas7d-9bce
172,197a1-810a
173,xz56f-52ec
174,c9a5d-9cgr
175,1a5f1-87uh
176,32d6f-523r
177,2e3f1-1pt7
178,735d5-87yk
179,0acb5-46dc
180,xz56f-52ec
181,c9a5d-9cgr
182,1a5f1-87uh
183,32d6f-523r
184,2e3f1-1pt7
185,735d5-87yk
186,0acb5-46dc
187,xz56f-52ec
188,c9a5d-9cgr
189,1a5f1-87uh
190,32d6f-523r
191,2e3f1-1pt7
192,735d5-87yk
193,0acb5-46dc
194,6c3cc-243e
195,fc030-0760
196,e57ee-7f01
197,ef608-b568
198,d1188-eeee
199,ef608-b568
200,d1188-eeee
1,1a5f1-87uh
2,32d6f-523r
3,2e3f1-1pt7
4,735d5-87yk
135,0c591-3aed
136,355f1-9471
137,cd896-efe8
138,bc060-05f6
60,0c591-3aed
61,355f1-9471
62,cd896-efe8
63,bc060-05f6
64,0c591-3aed
65,0c591-3aed
1,86p91-3a87
2,hgnf1-94fc
85,471d0-0d34
86,2eb7b-a5e8
87,89c22-5d11
88,939ff-edce
89,80c51-4de1
90,80c51-4de1